﻿<?xml version="1.0" encoding="utf-8"?>
<!-- *
 * This software is distributed in the hope that it will be useful,
 * but is distributed on an "AS IS" BASIS, WITHOUT WARRANTIES OR
 * CONDITIONS OF ANY KIND, without even the implied warranty of
 * MERCHANTABILITY or FITNESS FOR A PARTICULAR PURPOSE.
 *
 * This software may only be used to program products purchased from
 * Analog Devices for incorporation by you into audio products that
 * are intended for resale to audio product end users. This software
 * may not be distributed whole or in any part to third parties.
 *
 * Copyright © 2020 Analog Devices, Inc. All rights reserved.
 */
-->
<!--NetList XML file-->
<NetList>
    <IC name=" IC 1 " type="DSPSigmaLP1">
        <Schematic>
            <Algorithm name="ICSigma200In1" friendlyname="Analog+Digital Inputs" cell="Input1 ">
                <Link pin="O_C0_A0_P1_out" dir="out" link="Link2" />
                <Link pin="O_C0_A0_P2_out" dir="out" link="Link3" />
            </Algorithm>
            <Algorithm name="MuteNoSlewAlg1" friendlyname="No Slew (Standard)" cell="Mute1 ">
                <Link pin="I_C34_A0_P1_in" dir="in" link="Link2" />
                <Link pin="I_C34_A0_P3_in" dir="in" link="Link3" />
                <Link pin="O_C34_A0_P2_out" dir="out" link="Link4" />
                <Link pin="O_C34_A0_P4_out" dir="out" link="Link5" />
            </Algorithm>
            <Algorithm name="SWGain1940DBAlg3" friendlyname="Gain (RC Slew)" cell="SW vol 1_3 ">
                <Link pin="I_C15_A0_P1_in" dir="in" link="Link4" />
                <Link pin="O_C15_A0_P2_out" dir="out" link="Link0" />
            </Algorithm>
            <Algorithm name="SWGain1940DBAlg4" friendlyname="Gain (RC Slew)" cell="SW vol 1_3 ">
                <Link pin="I_C15_A1_P1_in" dir="in" link="Link5" />
                <Link pin="O_C15_A1_P2_out" dir="out" link="Link1" />
            </Algorithm>
            <Algorithm name="SWGain1940DBAlg1" friendlyname="Gain (RC Slew)" cell="SW vol 1 ">
                <Link pin="I_C102_A0_P1_in" dir="in" link="Link0" />
                <Link pin="O_C102_A0_P2_out" dir="out" link="Link6" />
            </Algorithm>
            <Algorithm name="SWGain1940DBAlg2" friendlyname="Gain (RC Slew)" cell="SW vol 1_2 ">
                <Link pin="I_C108_A0_P1_in" dir="in" link="Link1" />
                <Link pin="O_C108_A0_P2_out" dir="out" link="Link7" />
            </Algorithm>
            <Algorithm name="SuperBassAlgSWSlew1" friendlyname="Super Bass SWSlew" cell="SuperBass1 ">
                <Link pin="I_C75_A0_P1_in" dir="in" link="Link6" />
                <Link pin="I_C75_A0_P2_in" dir="in" link="Link7" />
                <Link pin="O_C75_A0_P3_out" dir="out" link="Link8" />
                <Link pin="O_C75_A0_P4_out" dir="out" link="Link9" />
            </Algorithm>
            <Algorithm name="EQ1940Dual1" friendlyname="2 Channel - Double Precision" cell="Mid EQ1 ">
                <Link pin="I_C16_A0_P1_in" dir="in" link="Link8" />
                <Link pin="I_C16_A0_P2_in" dir="in" link="Link9" />
                <Link pin="O_C16_A0_P3_out" dir="out" link="Link10" />
                <Link pin="O_C16_A0_P4_out" dir="out" link="Link11" />
            </Algorithm>
            <Algorithm name="EQ1940Dual2" friendlyname="2 Channel - Double Precision" cell="Mid EQ2 ">
                <Link pin="I_C142_A0_P1_in" dir="in" link="Link10" />
                <Link pin="I_C142_A0_P2_in" dir="in" link="Link11" />
                <Link pin="O_C142_A0_P3_out" dir="out" link="Link12" />
                <Link pin="O_C142_A0_P4_out" dir="out" link="Link13" />
            </Algorithm>
            <Algorithm name="ICSigmaLP1Out1" friendlyname="1761 output" cell="Output1 ">
                <Link pin="I_C11_A0_P1_in" dir="in" link="Link12" />
            </Algorithm>
            <Algorithm name="ICSigmaLP1Out2" friendlyname="1761 output" cell="Output2 ">
                <Link pin="I_C13_A0_P1_in" dir="in" link="Link13" />
            </Algorithm>
        </Schematic>
    </IC>
</NetList>