﻿<?xml version="1.0" encoding="utf-8"?>
<!-- *
 * This software is distributed in the hope that it will be useful,
 * but is distributed on an "AS IS" BASIS, WITHOUT WARRANTIES OR
 * CONDITIONS OF ANY KIND, without even the implied warranty of
 * MERCHANTABILITY or FITNESS FOR A PARTICULAR PURPOSE.
 *
 * This software may only be used to program products purchased from
 * Analog Devices for incorporation by you into audio products that
 * are intended for resale to audio product end users. This software
 * may not be distributed whole or in any part to third parties.
 *
 * Copyright ©2020 Analog Devices, Inc. All rights reserved.
 */
-->
<!--SigmaStudio export XML file-->
<Schematic>
    <IC>
        <Name>IC 1</Name>
        <PartNumber>DSPSigmaLP1</PartNumber>
        <Register>
            <Name>NonModRamAlloc</Name>
            <Address>0</Address>
            <AddrIncr>0</AddrIncr>
            <Size>4</Size>
            <Data>0x00, 0x00, 0x10, 0x00, </Data>
        </Register>
        <Register>
            <Name>IC 1.Sample Rate Setting</Name>
            <Address>16619</Address>
            <AddrIncr>0</AddrIncr>
            <Size>1</Size>
            <Data>0x7F, </Data>
        </Register>
        <Register>
            <Name>IC 1.DSP Run Register</Name>
            <Address>16630</Address>
            <AddrIncr>0</AddrIncr>
            <Size>1</Size>
            <Data>0x00, </Data>
        </Register>
        <Register>
            <Name>IC 1.Clock Control Register</Name>
            <Address>16384</Address>
            <AddrIncr>0</AddrIncr>
            <Size>1</Size>
            <Data>0x01, </Data>
        </Register>
        <Register>
            <Name>IC 1.PLL Control Register</Name>
            <Address>16386</Address>
            <AddrIncr>0</AddrIncr>
            <Size>6</Size>
            <Data>0x00, 0xFD, 0x00, 0x0C, 0x20, 0x03, </Data>
        </Register>
        <Register>
            <Name>IC 1.Delay</Name>
            <Address>0</Address>
            <AddrIncr>0</AddrIncr>
            <Size>2</Size>
            <Data>0x00, 0x64, </Data>
        </Register>
        <Register>
            <Name>IC 1.Serial Port Control Registers</Name>
            <Address>16405</Address>
            <AddrIncr>0</AddrIncr>
            <Size>2</Size>
            <Data>0x00, 0x00, </Data>
        </Register>
        <Register>
            <Name>IC 1.ALC Control Registers</Name>
            <Address>16401</Address>
            <AddrIncr>0</AddrIncr>
            <Size>4</Size>
            <Data>0x00, 0x00, 0x00, 0x00, </Data>
        </Register>
        <Register>
            <Name>IC 1.Microphone Control Register</Name>
            <Address>16392</Address>
            <AddrIncr>0</AddrIncr>
            <Size>1</Size>
            <Data>0x00, </Data>
        </Register>
        <Register>
            <Name>IC 1.Record Input Signal Path Registers</Name>
            <Address>16393</Address>
            <AddrIncr>0</AddrIncr>
            <Size>8</Size>
            <Data>0x00, 0x5B, 0x05, 0x01, 0x05, 0x00, 0x00, 0x00, </Data>
        </Register>
        <Register>
            <Name>IC 1.ADC Control Registers</Name>
            <Address>16409</Address>
            <AddrIncr>0</AddrIncr>
            <Size>3</Size>
            <Data>0x13, 0x00, 0x00, </Data>
        </Register>
        <Register>
            <Name>IC 1.Playback Output Signal Path Registers</Name>
            <Address>16412</Address>
            <AddrIncr>0</AddrIncr>
            <Size>14</Size>
            <Data>0x21, 0x00, 0x41, 0x00, 0x03, 0x09, 0x01, 0xFF, 0xFF, 0xDE, 0xDE, 0xE5, 0x00, 0x03, </Data>
        </Register>
        <Register>
            <Name>IC 1.Converter Control Registers</Name>
            <Address>16407</Address>
            <AddrIncr>0</AddrIncr>
            <Size>2</Size>
            <Data>0x00, 0x00, </Data>
        </Register>
        <Register>
            <Name>IC 1.DAC Control Registers</Name>
            <Address>16426</Address>
            <AddrIncr>0</AddrIncr>
            <Size>3</Size>
            <Data>0x03, 0x00, 0x00, </Data>
        </Register>
        <Register>
            <Name>IC 1.Serial Port Pad Control Registers</Name>
            <Address>16429</Address>
            <AddrIncr>0</AddrIncr>
            <Size>1</Size>
            <Data>0xAA, </Data>
        </Register>
        <Register>
            <Name>IC 1.Communication Port Pad Control Registers</Name>
            <Address>16431</Address>
            <AddrIncr>0</AddrIncr>
            <Size>2</Size>
            <Data>0xAA, 0x00, </Data>
        </Register>
        <Register>
            <Name>IC 1.Jack Detect Pad Control Register</Name>
            <Address>16433</Address>
            <AddrIncr>0</AddrIncr>
            <Size>1</Size>
            <Data>0x08, </Data>
        </Register>
        <Program>
            <Name>Program Clear Block 0</Name>
            <Address>2048</Address>
            <AddrIncr>4</AddrIncr>
            <Size>1020</Size>
            <Data>0x00, 0x00, 0x00, 0x00, 0x00, 0x00, 0x00, 0x00, 0x00, 0x00, 0x00, 0x00, 0x00, 0x00, 0x00, 0x00, 0x00, 0x00, 0x00, 0x00, 0x00, 0x00, 0x00, 0x00, 0x00, 0x00, 0x00, 0x00, 0x00, 0x00, 0x00, 0x00, 0x00, 0x00, 0x00, 0x00, 0x00, 0x00, 0x00, 0x00, 0x00, 0x00, 0x00, 0x00, 0x00, 0x00, 0x00, 0x00, 0x00, 0x00, 0x00, 0x00, 0x00, 0x00, 0x00, 0x00, 0x00, 0x00, 0x00, 0x00, 0x00, 0x00, 0x00, 0x00, 0x00, 0x00, 0x00, 0x00, 0x00, 0x00, 0x00, 0x00, 0x00, 0x00, 0x00, 0x00, 0x00, 0x00, 0x00, 0x00, 0x00, 0x00, 0x00, 0x00, 0x00, 0x00, 0x00, 0x00, 0x00, 0x00, 0x00, 0x00, 0x00, 0x00, 0x00, 0x00, 0x00, 0x00, 0x00, 0x00, 0x00, 0x00, 0x00, 0x00, 0x00, 0x00, 0x00, 0x00, 0x00, 0x00, 0x00, 0x00, 0x00, 0x00, 0x00, 0x00, 0x00, 0x00, 0x00, 0x00, 0x00, 0x00, 0x00, 0x00, 0x00, 0x00, 0x00, 0x00, 0x00, 0x00, 0x00, 0x00, 0x00, 0x00, 0x00, 0x00, 0x00, 0x00, 0x00, 0x00, 0x00, 0x00, 0x00, 0x00, 0x00, 0x00, 0x00, 0x00, 0x00, 0x00, 0x00, 0x00, 0x00, 0x00, 0x00, 0x00, 0x00, 0x00, 0x00, 0x00, 0x00, 0x00, 0x00, 0x00, 0x00, 0x00, 0x00, 0x00, 0x00, 0x00, 0x00, 0x00, 0x00, 0x00, 0x00, 0x00, 0x00, 0x00, 0x00, 0x00, 0x00, 0x00, 0x00, 0x00, 0x00, 0x00, 0x00, 0x00, 0x00, 0x00, 0x00, 0x00, 0x00, 0x00, 0x00, 0x00, 0x00, 0x00, 0x00, 0x00, 0x00, 0x00, 0x00, 0x00, 0x00, 0x00, 0x00, 0x00, 0x00, 0x00, 0x00, 0x00, 0x00, 0x00, 0x00, 0x00, 0x00, 0x00, 0x00, 0x00, 0x00, 0x00, 0x00, 0x00, 0x00, 0x00, 0x00, 0x00, 0x00, 0x00, 0x00, 0x00, 0x00, 0x00, 0x00, 0x00, 0x00, 0x00, 0x00, 0x00, 0x00, 0x00, 0x00, 0x00, 0x00, 0x00, 0x00, 0x00, 0x00, 0x00, 0x00, 0x00, 0x00, 0x00, 0x00, 0x00, 0x00, 0x00, 0x00, 0x00, 0x00, 0x00, 0x00, 0x00, 0x00, 0x00, 0x00, 0x00, 0x00, 0x00, 0x00, 0x00, 0x00, 0x00, 0x00, 0x00, 0x00, 0x00, 0x00, 0x00, 0x00, 0x00, 0x00, 0x00, 0x00, 0x00, 0x00, 0x00, 0x00, 0x00, 0x00, 0x00, 0x00, 0x00, 0x00, 0x00, 0x00, 0x00, 0x00, 0x00, 0x00, 0x00, 0x00, 0x00, 0x00, 0x00, 0x00, 0x00, 0x00, 0x00, 0x00, 0x00, 0x00, 0x00, 0x00, 0x00, 0x00, 0x00, 0x00, 0x00, 0x00, 0x00, 0x00, 0x00, 0x00, 0x00, 0x00, 0x00, 0x00, 0x00, 0x00, 0x00, 0x00, 0x00, 0x00, 0x00, 0x00, 0x00, 0x00, 0x00, 0x00, 0x00, 0x00, 0x00, 0x00, 0x00, 0x00, 0x00, 0x00, 0x00, 0x00, 0x00, 0x00, 0x00, 0x00, 0x00, 0x00, 0x00, 0x00, 0x00, 0x00, 0x00, 0x00, 0x00, 0x00, 0x00, 0x00, 0x00, 0x00, 0x00, 0x00, 0x00, 0x00, 0x00, 0x00, 0x00, 0x00, 0x00, 0x00, 0x00, 0x00, 0x00, 0x00, 0x00, 0x00, 0x00, 0x00, 0x00, 0x00, 0x00, 0x00, 0x00, 0x00, 0x00, 0x00, 0x00, 0x00, 0x00, 0x00, 0x00, 0x00, 0x00, 0x00, 0x00, 0x00, 0x00, 0x00, 0x00, 0x00, 0x00, 0x00, 0x00, 0x00, 0x00, 0x00, 0x00, 0x00, 0x00, 0x00, 0x00, 0x00, 0x00, 0x00, 0x00, 0x00, 0x00, 0x00, 0x00, 0x00, 0x00, 0x00, 0x00, 0x00, 0x00, 0x00, 0x00, 0x00, 0x00, 0x00, 0x00, 0x00, 0x00, 0x00, 0x00, 0x00, 0x00, 0x00, 0x00, 0x00, 0x00, 0x00, 0x00, 0x00, 0x00, 0x00, 0x00, 0x00, 0x00, 0x00, 0x00, 0x00, 0x00, 0x00, 0x00, 0x00, 0x00, 0x00, 0x00, 0x00, 0x00, 0x00, 0x00, 0x00, 0x00, 0x00, 0x00, 0x00, 0x00, 0x00, 0x00, 0x00, 0x00, 0x00, 0x00, 0x00, 0x00, 0x00, 0x00, 0x00, 0x00, 0x00, 0x00, 0x00, 0x00, 0x00, 0x00, 0x00, 0x00, 0x00, 0x00, 0x00, 0x00, 0x00, 0x00, 0x00, 0x00, 0x00, 0x00, 0x00, 0x00, 0x00, 0x00, 0x00, 0x00, 0x00, 0x00, 0x00, 0x00, 0x00, 0x00, 0x00, 0x00, 0x00, 0x00, 0x00, 0x00, 0x00, 0x00, 0x00, 0x00, 0x00, 0x00, 0x00, 0x00, 0x00, 0x00, 0x00, 0x00, 0x00, 0x00, 0x00, 0x00, 0x00, 0x00, 0x00, 0x00, 0x00, 0x00, 0x00, 0x00, 0x00, 0x00, 0x00, 0x00, 0x00, 0x00, 0x00, 0x00, 0x00, 0x00, 0x00, 0x00, 0x00, 0x00, 0x00, 0x00, 0x00, 0x00, 0x00, 0x00, 0x00, 0x00, 0x00, 0x00, 0x00, 0x00, 0x00, 0x00, 0x00, 0x00, 0x00, 0x00, 0x00, 0x00, 0x00, 0x00, 0x00, 0x00, 0x00, 0x00, 0x00, 0x00, 0x00, 0x00, 0x00, 0x00, 0x00, 0x00, 0x00, 0x00, 0x00, 0x00, 0x00, 0x00, 0x00, 0x00, 0x00, 0x00, 0x00, 0x00, 0x00, 0x00, 0x00, 0x00, 0x00, 0x00, 0x00, 0x00, 0x00, 0x00, 0x00, 0x00, 0x00, 0x00, 0x00, 0x00, 0x00, 0x00, 0x00, 0x00, 0x00, 0x00, 0x00, 0x00, 0x00, 0x00, 0x00, 0x00, 0x00, 0x00, 0x00, 0x00, 0x00, 0x00, 0x00, 0x00, 0x00, 0x00, 0x00, 0x00, 0x00, 0x00, 0x00, 0x00, 0x00, 0x00, 0x00, 0x00, 0x00, 0x00, 0x00, 0x00, 0x00, 0x00, 0x00, 0x00, 0x00, 0x00, 0x00, 0x00, 0x00, 0x00, 0x00, 0x00, 0x00, 0x00, 0x00, 0x00, 0x00, 0x00, 0x00, 0x00, 0x00, 0x00, 0x00, 0x00, 0x00, 0x00, 0x00, 0x00, 0x00, 0x00, 0x00, 0x00, 0x00, 0x00, 0x00, 0x00, 0x00, 0x00, 0x00, 0x00, 0x00, 0x00, 0x00, 0x00, 0x00, 0x00, 0x00, 0x00, 0x00, 0x00, 0x00, 0x00, 0x00, 0x00, 0x00, 0x00, 0x00, 0x00, 0x00, 0x00, 0x00, 0x00, 0x00, 0x00, 0x00, 0x00, 0x00, 0x00, 0x00, 0x00, 0x00, 0x00, 0x00, 0x00, 0x00, 0x00, 0x00, 0x00, 0x00, 0x00, 0x00, 0x00, 0x00, 0x00, 0x00, 0x00, 0x00, 0x00, 0x00, 0x00, 0x00, 0x00, 0x00, 0x00, 0x00, 0x00, 0x00, 0x00, 0x00, 0x00, 0x00, 0x00, 0x00, 0x00, 0x00, 0x00, 0x00, 0x00, 0x00, 0x00, 0x00, 0x00, 0x00, 0x00, 0x00, 0x00, 0x00, 0x00, 0x00, 0x00, 0x00, 0x00, 0x00, 0x00, 0x00, 0x00, 0x00, 0x00, 0x00, 0x00, 0x00, 0x00, 0x00, 0x00, 0x00, 0x00, 0x00, 0x00, 0x00, 0x00, 0x00, 0x00, 0x00, 0x00, 0x00, 0x00, 0x00, 0x00, 0x00, 0x00, 0x00, 0x00, 0x00, 0x00, 0x00, 0x00, 0x00, 0x00, 0x00, 0x00, 0x00, 0x00, 0x00, 0x00, 0x00, 0x00, 0x00, 0x00, 0x00, 0x00, 0x00, 0x00, 0x00, 0x00, 0x00, 0x00, 0x00, 0x00, 0x00, 0x00, 0x00, 0x00, 0x00, 0x00, 0x00, 0x00, 0x00, 0x00, 0x00, 0x00, 0x00, 0x00, 0x00, 0x00, 0x00, 0x00, 0x00, 0x00, 0x00, 0x00, 0x00, 0x00, 0x00, 0x00, 0x00, 0x00, 0x00, 0x00, 0x00, 0x00, 0x00, 0x00, 0x00, 0x00, 0x00, 0x00, 0x00, 0x00, 0x00, 0x00, 0x00, 0x00, 0x00, 0x00, 0x00, 0x00, 0x00, 0x00, 0x00, 0x00, 0x00, 0x00, 0x00, 0x00, 0x00, 0x00, 0x00, 0x00, 0x00, 0x00, 0x00, 0x00, 0x00, 0x00, 0x00, 0x00, 0x00, 0x00, 0x00, 0x00, 0x00, 0x00, 0x00, 0x00, 0x00, 0x00, 0x00, 0x00, 0x00, 0x00, 0x00, 0x00, 0x00, 0x00, 0x00, 0x00, 0x00, 0x00, 0x00, 0x00, 0x00, 0x00, 0x00, 0x00, 0x00, 0x00, 0x00, 0x00, 0x00, 0x00, 0x00, 0x00, 0x00, 0x00, 0x00, 0x00, 0x00, 0x00, 0x00, 0x00, 0x00, 0x00, 0x00, 0x00, 0x00, 0x00, 0x00, 0x00, 0x00, 0x00, 0x00, 0x00, 0x00, 0x00, 0x00, 0x00, 0x00, 0x00, 0x00, 0x00, 0x00, 0x00, 0x00, 0x00, 0x00, 0x00, 0x00, 0x00, 0x00, 0x00, 0x00, 0x00, 0x00, 0x00, 0x00, 0x00, 0x00, 0x00, 0x00, 0x00, 0x00, 0x00, 0x00, 0x00, 0x00, 0x00, 0x00, 0x00, 0x00, 0x00, 0x00, 0x00, 0x00, 0x00, 0x00, 0x00, 0x00, 0x00, 0x00, 0x00, 0x00, 0x00, 0x00, 0x00, 0x00, 0x00, 0x00, 0x00, </Data>
        </Program>
        <Program>
            <Name>Program Clear Block 1</Name>
            <Address>2252</Address>
            <AddrIncr>4</AddrIncr>
            <Size>1020</Size>
            <Data>0x00, 0x00, 0x00, 0x00, 0x00, 0x00, 0x00, 0x00, 0x00, 0x00, 0x00, 0x00, 0x00, 0x00, 0x00, 0x00, 0x00, 0x00, 0x00, 0x00, 0x00, 0x00, 0x00, 0x00, 0x00, 0x00, 0x00, 0x00, 0x00, 0x00, 0x00, 0x00, 0x00, 0x00, 0x00, 0x00, 0x00, 0x00, 0x00, 0x00, 0x00, 0x00, 0x00, 0x00, 0x00, 0x00, 0x00, 0x00, 0x00, 0x00, 0x00, 0x00, 0x00, 0x00, 0x00, 0x00, 0x00, 0x00, 0x00, 0x00, 0x00, 0x00, 0x00, 0x00, 0x00, 0x00, 0x00, 0x00, 0x00, 0x00, 0x00, 0x00, 0x00, 0x00, 0x00, 0x00, 0x00, 0x00, 0x00, 0x00, 0x00, 0x00, 0x00, 0x00, 0x00, 0x00, 0x00, 0x00, 0x00, 0x00, 0x00, 0x00, 0x00, 0x00, 0x00, 0x00, 0x00, 0x00, 0x00, 0x00, 0x00, 0x00, 0x00, 0x00, 0x00, 0x00, 0x00, 0x00, 0x00, 0x00, 0x00, 0x00, 0x00, 0x00, 0x00, 0x00, 0x00, 0x00, 0x00, 0x00, 0x00, 0x00, 0x00, 0x00, 0x00, 0x00, 0x00, 0x00, 0x00, 0x00, 0x00, 0x00, 0x00, 0x00, 0x00, 0x00, 0x00, 0x00, 0x00, 0x00, 0x00, 0x00, 0x00, 0x00, 0x00, 0x00, 0x00, 0x00, 0x00, 0x00, 0x00, 0x00, 0x00, 0x00, 0x00, 0x00, 0x00, 0x00, 0x00, 0x00, 0x00, 0x00, 0x00, 0x00, 0x00, 0x00, 0x00, 0x00, 0x00, 0x00, 0x00, 0x00, 0x00, 0x00, 0x00, 0x00, 0x00, 0x00, 0x00, 0x00, 0x00, 0x00, 0x00, 0x00, 0x00, 0x00, 0x00, 0x00, 0x00, 0x00, 0x00, 0x00, 0x00, 0x00, 0x00, 0x00, 0x00, 0x00, 0x00, 0x00, 0x00, 0x00, 0x00, 0x00, 0x00, 0x00, 0x00, 0x00, 0x00, 0x00, 0x00, 0x00, 0x00, 0x00, 0x00, 0x00, 0x00, 0x00, 0x00, 0x00, 0x00, 0x00, 0x00, 0x00, 0x00, 0x00, 0x00, 0x00, 0x00, 0x00, 0x00, 0x00, 0x00, 0x00, 0x00, 0x00, 0x00, 0x00, 0x00, 0x00, 0x00, 0x00, 0x00, 0x00, 0x00, 0x00, 0x00, 0x00, 0x00, 0x00, 0x00, 0x00, 0x00, 0x00, 0x00, 0x00, 0x00, 0x00, 0x00, 0x00, 0x00, 0x00, 0x00, 0x00, 0x00, 0x00, 0x00, 0x00, 0x00, 0x00, 0x00, 0x00, 0x00, 0x00, 0x00, 0x00, 0x00, 0x00, 0x00, 0x00, 0x00, 0x00, 0x00, 0x00, 0x00, 0x00, 0x00, 0x00, 0x00, 0x00, 0x00, 0x00, 0x00, 0x00, 0x00, 0x00, 0x00, 0x00, 0x00, 0x00, 0x00, 0x00, 0x00, 0x00, 0x00, 0x00, 0x00, 0x00, 0x00, 0x00, 0x00, 0x00, 0x00, 0x00, 0x00, 0x00, 0x00, 0x00, 0x00, 0x00, 0x00, 0x00, 0x00, 0x00, 0x00, 0x00, 0x00, 0x00, 0x00, 0x00, 0x00, 0x00, 0x00, 0x00, 0x00, 0x00, 0x00, 0x00, 0x00, 0x00, 0x00, 0x00, 0x00, 0x00, 0x00, 0x00, 0x00, 0x00, 0x00, 0x00, 0x00, 0x00, 0x00, 0x00, 0x00, 0x00, 0x00, 0x00, 0x00, 0x00, 0x00, 0x00, 0x00, 0x00, 0x00, 0x00, 0x00, 0x00, 0x00, 0x00, 0x00, 0x00, 0x00, 0x00, 0x00, 0x00, 0x00, 0x00, 0x00, 0x00, 0x00, 0x00, 0x00, 0x00, 0x00, 0x00, 0x00, 0x00, 0x00, 0x00, 0x00, 0x00, 0x00, 0x00, 0x00, 0x00, 0x00, 0x00, 0x00, 0x00, 0x00, 0x00, 0x00, 0x00, 0x00, 0x00, 0x00, 0x00, 0x00, 0x00, 0x00, 0x00, 0x00, 0x00, 0x00, 0x00, 0x00, 0x00, 0x00, 0x00, 0x00, 0x00, 0x00, 0x00, 0x00, 0x00, 0x00, 0x00, 0x00, 0x00, 0x00, 0x00, 0x00, 0x00, 0x00, 0x00, 0x00, 0x00, 0x00, 0x00, 0x00, 0x00, 0x00, 0x00, 0x00, 0x00, 0x00, 0x00, 0x00, 0x00, 0x00, 0x00, 0x00, 0x00, 0x00, 0x00, 0x00, 0x00, 0x00, 0x00, 0x00, 0x00, 0x00, 0x00, 0x00, 0x00, 0x00, 0x00, 0x00, 0x00, 0x00, 0x00, 0x00, 0x00, 0x00, 0x00, 0x00, 0x00, 0x00, 0x00, 0x00, 0x00, 0x00, 0x00, 0x00, 0x00, 0x00, 0x00, 0x00, 0x00, 0x00, 0x00, 0x00, 0x00, 0x00, 0x00, 0x00, 0x00, 0x00, 0x00, 0x00, 0x00, 0x00, 0x00, 0x00, 0x00, 0x00, 0x00, 0x00, 0x00, 0x00, 0x00, 0x00, 0x00, 0x00, 0x00, 0x00, 0x00, 0x00, 0x00, 0x00, 0x00, 0x00, 0x00, 0x00, 0x00, 0x00, 0x00, 0x00, 0x00, 0x00, 0x00, 0x00, 0x00, 0x00, 0x00, 0x00, 0x00, 0x00, 0x00, 0x00, 0x00, 0x00, 0x00, 0x00, 0x00, 0x00, 0x00, 0x00, 0x00, 0x00, 0x00, 0x00, 0x00, 0x00, 0x00, 0x00, 0x00, 0x00, 0x00, 0x00, 0x00, 0x00, 0x00, 0x00, 0x00, 0x00, 0x00, 0x00, 0x00, 0x00, 0x00, 0x00, 0x00, 0x00, 0x00, 0x00, 0x00, 0x00, 0x00, 0x00, 0x00, 0x00, 0x00, 0x00, 0x00, 0x00, 0x00, 0x00, 0x00, 0x00, 0x00, 0x00, 0x00, 0x00, 0x00, 0x00, 0x00, 0x00, 0x00, 0x00, 0x00, 0x00, 0x00, 0x00, 0x00, 0x00, 0x00, 0x00, 0x00, 0x00, 0x00, 0x00, 0x00, 0x00, 0x00, 0x00, 0x00, 0x00, 0x00, 0x00, 0x00, 0x00, 0x00, 0x00, 0x00, 0x00, 0x00, 0x00, 0x00, 0x00, 0x00, 0x00, 0x00, 0x00, 0x00, 0x00, 0x00, 0x00, 0x00, 0x00, 0x00, 0x00, 0x00, 0x00, 0x00, 0x00, 0x00, 0x00, 0x00, 0x00, 0x00, 0x00, 0x00, 0x00, 0x00, 0x00, 0x00, 0x00, 0x00, 0x00, 0x00, 0x00, 0x00, 0x00, 0x00, 0x00, 0x00, 0x00, 0x00, 0x00, 0x00, 0x00, 0x00, 0x00, 0x00, 0x00, 0x00, 0x00, 0x00, 0x00, 0x00, 0x00, 0x00, 0x00, 0x00, 0x00, 0x00, 0x00, 0x00, 0x00, 0x00, 0x00, 0x00, 0x00, 0x00, 0x00, 0x00, 0x00, 0x00, 0x00, 0x00, 0x00, 0x00, 0x00, 0x00, 0x00, 0x00, 0x00, 0x00, 0x00, 0x00, 0x00, 0x00, 0x00, 0x00, 0x00, 0x00, 0x00, 0x00, 0x00, 0x00, 0x00, 0x00, 0x00, 0x00, 0x00, 0x00, 0x00, 0x00, 0x00, 0x00, 0x00, 0x00, 0x00, 0x00, 0x00, 0x00, 0x00, 0x00, 0x00, 0x00, 0x00, 0x00, 0x00, 0x00, 0x00, 0x00, 0x00, 0x00, 0x00, 0x00, 0x00, 0x00, 0x00, 0x00, 0x00, 0x00, 0x00, 0x00, 0x00, 0x00, 0x00, 0x00, 0x00, 0x00, 0x00, 0x00, 0x00, 0x00, 0x00, 0x00, 0x00, 0x00, 0x00, 0x00, 0x00, 0x00, 0x00, 0x00, 0x00, 0x00, 0x00, 0x00, 0x00, 0x00, 0x00, 0x00, 0x00, 0x00, 0x00, 0x00, 0x00, 0x00, 0x00, 0x00, 0x00, 0x00, 0x00, 0x00, 0x00, 0x00, 0x00, 0x00, 0x00, 0x00, 0x00, 0x00, 0x00, 0x00, 0x00, 0x00, 0x00, 0x00, 0x00, 0x00, 0x00, 0x00, 0x00, 0x00, 0x00, 0x00, 0x00, 0x00, 0x00, 0x00, 0x00, 0x00, 0x00, 0x00, 0x00, 0x00, 0x00, 0x00, 0x00, 0x00, 0x00, 0x00, 0x00, 0x00, 0x00, 0x00, 0x00, 0x00, 0x00, 0x00, 0x00, 0x00, 0x00, 0x00, 0x00, 0x00, 0x00, 0x00, 0x00, 0x00, 0x00, 0x00, 0x00, 0x00, 0x00, 0x00, 0x00, 0x00, 0x00, 0x00, 0x00, 0x00, 0x00, 0x00, 0x00, 0x00, 0x00, 0x00, 0x00, 0x00, 0x00, 0x00, 0x00, 0x00, 0x00, 0x00, 0x00, 0x00, 0x00, 0x00, 0x00, 0x00, 0x00, 0x00, 0x00, 0x00, 0x00, 0x00, 0x00, 0x00, 0x00, 0x00, 0x00, 0x00, 0x00, 0x00, 0x00, 0x00, 0x00, 0x00, 0x00, 0x00, 0x00, 0x00, 0x00, 0x00, 0x00, 0x00, 0x00, 0x00, 0x00, 0x00, 0x00, 0x00, 0x00, 0x00, 0x00, 0x00, 0x00, 0x00, 0x00, 0x00, 0x00, 0x00, 0x00, 0x00, 0x00, 0x00, 0x00, 0x00, 0x00, 0x00, 0x00, 0x00, 0x00, 0x00, 0x00, 0x00, 0x00, 0x00, 0x00, 0x00, 0x00, 0x00, 0x00, 0x00, 0x00, 0x00, 0x00, 0x00, 0x00, 0x00, 0x00, 0x00, 0x00, 0x00, 0x00, 0x00, 0x00, 0x00, 0x00, 0x00, 0x00, 0x00, 0x00, 0x00, 0x00, 0x00, 0x00, 0x00, 0x00, 0x00, 0x00, 0x00, 0x00, 0x00, 0x00, 0x00, 0x00, 0x00, 0x00, 0x00, 0x00, 0x00, 0x00, 0x00, 0x00, 0x00, 0x00, 0x00, 0x00, 0x00, 0x00, 0x00, 0x00, 0x00, 0x00, 0x00, 0x00, 0x00, 0x00, 0x00, 0x00, 0x00, 0x00, 0x00, 0x00, 0x00, 0x00, 0x00, 0x00, 0x00, 0x00, 0x00, </Data>
        </Program>
        <Program>
            <Name>Program Clear Block 2</Name>
            <Address>2456</Address>
            <AddrIncr>4</AddrIncr>
            <Size>1020</Size>
            <Data>0x00, 0x00, 0x00, 0x00, 0x00, 0x00, 0x00, 0x00, 0x00, 0x00, 0x00, 0x00, 0x00, 0x00, 0x00, 0x00, 0x00, 0x00, 0x00, 0x00, 0x00, 0x00, 0x00, 0x00, 0x00, 0x00, 0x00, 0x00, 0x00, 0x00, 0x00, 0x00, 0x00, 0x00, 0x00, 0x00, 0x00, 0x00, 0x00, 0x00, 0x00, 0x00, 0x00, 0x00, 0x00, 0x00, 0x00, 0x00, 0x00, 0x00, 0x00, 0x00, 0x00, 0x00, 0x00, 0x00, 0x00, 0x00, 0x00, 0x00, 0x00, 0x00, 0x00, 0x00, 0x00, 0x00, 0x00, 0x00, 0x00, 0x00, 0x00, 0x00, 0x00, 0x00, 0x00, 0x00, 0x00, 0x00, 0x00, 0x00, 0x00, 0x00, 0x00, 0x00, 0x00, 0x00, 0x00, 0x00, 0x00, 0x00, 0x00, 0x00, 0x00, 0x00, 0x00, 0x00, 0x00, 0x00, 0x00, 0x00, 0x00, 0x00, 0x00, 0x00, 0x00, 0x00, 0x00, 0x00, 0x00, 0x00, 0x00, 0x00, 0x00, 0x00, 0x00, 0x00, 0x00, 0x00, 0x00, 0x00, 0x00, 0x00, 0x00, 0x00, 0x00, 0x00, 0x00, 0x00, 0x00, 0x00, 0x00, 0x00, 0x00, 0x00, 0x00, 0x00, 0x00, 0x00, 0x00, 0x00, 0x00, 0x00, 0x00, 0x00, 0x00, 0x00, 0x00, 0x00, 0x00, 0x00, 0x00, 0x00, 0x00, 0x00, 0x00, 0x00, 0x00, 0x00, 0x00, 0x00, 0x00, 0x00, 0x00, 0x00, 0x00, 0x00, 0x00, 0x00, 0x00, 0x00, 0x00, 0x00, 0x00, 0x00, 0x00, 0x00, 0x00, 0x00, 0x00, 0x00, 0x00, 0x00, 0x00, 0x00, 0x00, 0x00, 0x00, 0x00, 0x00, 0x00, 0x00, 0x00, 0x00, 0x00, 0x00, 0x00, 0x00, 0x00, 0x00, 0x00, 0x00, 0x00, 0x00, 0x00, 0x00, 0x00, 0x00, 0x00, 0x00, 0x00, 0x00, 0x00, 0x00, 0x00, 0x00, 0x00, 0x00, 0x00, 0x00, 0x00, 0x00, 0x00, 0x00, 0x00, 0x00, 0x00, 0x00, 0x00, 0x00, 0x00, 0x00, 0x00, 0x00, 0x00, 0x00, 0x00, 0x00, 0x00, 0x00, 0x00, 0x00, 0x00, 0x00, 0x00, 0x00, 0x00, 0x00, 0x00, 0x00, 0x00, 0x00, 0x00, 0x00, 0x00, 0x00, 0x00, 0x00, 0x00, 0x00, 0x00, 0x00, 0x00, 0x00, 0x00, 0x00, 0x00, 0x00, 0x00, 0x00, 0x00, 0x00, 0x00, 0x00, 0x00, 0x00, 0x00, 0x00, 0x00, 0x00, 0x00, 0x00, 0x00, 0x00, 0x00, 0x00, 0x00, 0x00, 0x00, 0x00, 0x00, 0x00, 0x00, 0x00, 0x00, 0x00, 0x00, 0x00, 0x00, 0x00, 0x00, 0x00, 0x00, 0x00, 0x00, 0x00, 0x00, 0x00, 0x00, 0x00, 0x00, 0x00, 0x00, 0x00, 0x00, 0x00, 0x00, 0x00, 0x00, 0x00, 0x00, 0x00, 0x00, 0x00, 0x00, 0x00, 0x00, 0x00, 0x00, 0x00, 0x00, 0x00, 0x00, 0x00, 0x00, 0x00, 0x00, 0x00, 0x00, 0x00, 0x00, 0x00, 0x00, 0x00, 0x00, 0x00, 0x00, 0x00, 0x00, 0x00, 0x00, 0x00, 0x00, 0x00, 0x00, 0x00, 0x00, 0x00, 0x00, 0x00, 0x00, 0x00, 0x00, 0x00, 0x00, 0x00, 0x00, 0x00, 0x00, 0x00, 0x00, 0x00, 0x00, 0x00, 0x00, 0x00, 0x00, 0x00, 0x00, 0x00, 0x00, 0x00, 0x00, 0x00, 0x00, 0x00, 0x00, 0x00, 0x00, 0x00, 0x00, 0x00, 0x00, 0x00, 0x00, 0x00, 0x00, 0x00, 0x00, 0x00, 0x00, 0x00, 0x00, 0x00, 0x00, 0x00, 0x00, 0x00, 0x00, 0x00, 0x00, 0x00, 0x00, 0x00, 0x00, 0x00, 0x00, 0x00, 0x00, 0x00, 0x00, 0x00, 0x00, 0x00, 0x00, 0x00, 0x00, 0x00, 0x00, 0x00, 0x00, 0x00, 0x00, 0x00, 0x00, 0x00, 0x00, 0x00, 0x00, 0x00, 0x00, 0x00, 0x00, 0x00, 0x00, 0x00, 0x00, 0x00, 0x00, 0x00, 0x00, 0x00, 0x00, 0x00, 0x00, 0x00, 0x00, 0x00, 0x00, 0x00, 0x00, 0x00, 0x00, 0x00, 0x00, 0x00, 0x00, 0x00, 0x00, 0x00, 0x00, 0x00, 0x00, 0x00, 0x00, 0x00, 0x00, 0x00, 0x00, 0x00, 0x00, 0x00, 0x00, 0x00, 0x00, 0x00, 0x00, 0x00, 0x00, 0x00, 0x00, 0x00, 0x00, 0x00, 0x00, 0x00, 0x00, 0x00, 0x00, 0x00, 0x00, 0x00, 0x00, 0x00, 0x00, 0x00, 0x00, 0x00, 0x00, 0x00, 0x00, 0x00, 0x00, 0x00, 0x00, 0x00, 0x00, 0x00, 0x00, 0x00, 0x00, 0x00, 0x00, 0x00, 0x00, 0x00, 0x00, 0x00, 0x00, 0x00, 0x00, 0x00, 0x00, 0x00, 0x00, 0x00, 0x00, 0x00, 0x00, 0x00, 0x00, 0x00, 0x00, 0x00, 0x00, 0x00, 0x00, 0x00, 0x00, 0x00, 0x00, 0x00, 0x00, 0x00, 0x00, 0x00, 0x00, 0x00, 0x00, 0x00, 0x00, 0x00, 0x00, 0x00, 0x00, 0x00, 0x00, 0x00, 0x00, 0x00, 0x00, 0x00, 0x00, 0x00, 0x00, 0x00, 0x00, 0x00, 0x00, 0x00, 0x00, 0x00, 0x00, 0x00, 0x00, 0x00, 0x00, 0x00, 0x00, 0x00, 0x00, 0x00, 0x00, 0x00, 0x00, 0x00, 0x00, 0x00, 0x00, 0x00, 0x00, 0x00, 0x00, 0x00, 0x00, 0x00, 0x00, 0x00, 0x00, 0x00, 0x00, 0x00, 0x00, 0x00, 0x00, 0x00, 0x00, 0x00, 0x00, 0x00, 0x00, 0x00, 0x00, 0x00, 0x00, 0x00, 0x00, 0x00, 0x00, 0x00, 0x00, 0x00, 0x00, 0x00, 0x00, 0x00, 0x00, 0x00, 0x00, 0x00, 0x00, 0x00, 0x00, 0x00, 0x00, 0x00, 0x00, 0x00, 0x00, 0x00, 0x00, 0x00, 0x00, 0x00, 0x00, 0x00, 0x00, 0x00, 0x00, 0x00, 0x00, 0x00, 0x00, 0x00, 0x00, 0x00, 0x00, 0x00, 0x00, 0x00, 0x00, 0x00, 0x00, 0x00, 0x00, 0x00, 0x00, 0x00, 0x00, 0x00, 0x00, 0x00, 0x00, 0x00, 0x00, 0x00, 0x00, 0x00, 0x00, 0x00, 0x00, 0x00, 0x00, 0x00, 0x00, 0x00, 0x00, 0x00, 0x00, 0x00, 0x00, 0x00, 0x00, 0x00, 0x00, 0x00, 0x00, 0x00, 0x00, 0x00, 0x00, 0x00, 0x00, 0x00, 0x00, 0x00, 0x00, 0x00, 0x00, 0x00, 0x00, 0x00, 0x00, 0x00, 0x00, 0x00, 0x00, 0x00, 0x00, 0x00, 0x00, 0x00, 0x00, 0x00, 0x00, 0x00, 0x00, 0x00, 0x00, 0x00, 0x00, 0x00, 0x00, 0x00, 0x00, 0x00, 0x00, 0x00, 0x00, 0x00, 0x00, 0x00, 0x00, 0x00, 0x00, 0x00, 0x00, 0x00, 0x00, 0x00, 0x00, 0x00, 0x00, 0x00, 0x00, 0x00, 0x00, 0x00, 0x00, 0x00, 0x00, 0x00, 0x00, 0x00, 0x00, 0x00, 0x00, 0x00, 0x00, 0x00, 0x00, 0x00, 0x00, 0x00, 0x00, 0x00, 0x00, 0x00, 0x00, 0x00, 0x00, 0x00, 0x00, 0x00, 0x00, 0x00, 0x00, 0x00, 0x00, 0x00, 0x00, 0x00, 0x00, 0x00, 0x00, 0x00, 0x00, 0x00, 0x00, 0x00, 0x00, 0x00, 0x00, 0x00, 0x00, 0x00, 0x00, 0x00, 0x00, 0x00, 0x00, 0x00, 0x00, 0x00, 0x00, 0x00, 0x00, 0x00, 0x00, 0x00, 0x00, 0x00, 0x00, 0x00, 0x00, 0x00, 0x00, 0x00, 0x00, 0x00, 0x00, 0x00, 0x00, 0x00, 0x00, 0x00, 0x00, 0x00, 0x00, 0x00, 0x00, 0x00, 0x00, 0x00, 0x00, 0x00, 0x00, 0x00, 0x00, 0x00, 0x00, 0x00, 0x00, 0x00, 0x00, 0x00, 0x00, 0x00, 0x00, 0x00, 0x00, 0x00, 0x00, 0x00, 0x00, 0x00, 0x00, 0x00, 0x00, 0x00, 0x00, 0x00, 0x00, 0x00, 0x00, 0x00, 0x00, 0x00, 0x00, 0x00, 0x00, 0x00, 0x00, 0x00, 0x00, 0x00, 0x00, 0x00, 0x00, 0x00, 0x00, 0x00, 0x00, 0x00, 0x00, 0x00, 0x00, 0x00, 0x00, 0x00, 0x00, 0x00, 0x00, 0x00, 0x00, 0x00, 0x00, 0x00, 0x00, 0x00, 0x00, 0x00, 0x00, 0x00, 0x00, 0x00, 0x00, 0x00, 0x00, 0x00, 0x00, 0x00, 0x00, 0x00, 0x00, 0x00, 0x00, 0x00, 0x00, 0x00, 0x00, 0x00, 0x00, 0x00, 0x00, 0x00, 0x00, 0x00, 0x00, 0x00, 0x00, 0x00, 0x00, 0x00, 0x00, 0x00, 0x00, 0x00, 0x00, 0x00, 0x00, 0x00, 0x00, 0x00, 0x00, 0x00, 0x00, 0x00, 0x00, 0x00, 0x00, 0x00, 0x00, 0x00, 0x00, 0x00, 0x00, 0x00, 0x00, 0x00, 0x00, 0x00, 0x00, 0x00, 0x00, 0x00, 0x00, 0x00, 0x00, 0x00, 0x00, 0x00, 0x00, 0x00, 0x00, 0x00, 0x00, 0x00, 0x00, 0x00, 0x00, 0x00, 0x00, 0x00, 0x00, 0x00, 0x00, 0x00, 0x00, 0x00, 0x00, 0x00, 0x00, 0x00, 0x00, 0x00, 0x00, 0x00, 0x00, 0x00, 0x00, </Data>
        </Program>
        <Program>
            <Name>Program Clear Block 3</Name>
            <Address>2660</Address>
            <AddrIncr>4</AddrIncr>
            <Size>1020</Size>
            <Data>0x00, 0x00, 0x00, 0x00, 0x00, 0x00, 0x00, 0x00, 0x00, 0x00, 0x00, 0x00, 0x00, 0x00, 0x00, 0x00, 0x00, 0x00, 0x00, 0x00, 0x00, 0x00, 0x00, 0x00, 0x00, 0x00, 0x00, 0x00, 0x00, 0x00, 0x00, 0x00, 0x00, 0x00, 0x00, 0x00, 0x00, 0x00, 0x00, 0x00, 0x00, 0x00, 0x00, 0x00, 0x00, 0x00, 0x00, 0x00, 0x00, 0x00, 0x00, 0x00, 0x00, 0x00, 0x00, 0x00, 0x00, 0x00, 0x00, 0x00, 0x00, 0x00, 0x00, 0x00, 0x00, 0x00, 0x00, 0x00, 0x00, 0x00, 0x00, 0x00, 0x00, 0x00, 0x00, 0x00, 0x00, 0x00, 0x00, 0x00, 0x00, 0x00, 0x00, 0x00, 0x00, 0x00, 0x00, 0x00, 0x00, 0x00, 0x00, 0x00, 0x00, 0x00, 0x00, 0x00, 0x00, 0x00, 0x00, 0x00, 0x00, 0x00, 0x00, 0x00, 0x00, 0x00, 0x00, 0x00, 0x00, 0x00, 0x00, 0x00, 0x00, 0x00, 0x00, 0x00, 0x00, 0x00, 0x00, 0x00, 0x00, 0x00, 0x00, 0x00, 0x00, 0x00, 0x00, 0x00, 0x00, 0x00, 0x00, 0x00, 0x00, 0x00, 0x00, 0x00, 0x00, 0x00, 0x00, 0x00, 0x00, 0x00, 0x00, 0x00, 0x00, 0x00, 0x00, 0x00, 0x00, 0x00, 0x00, 0x00, 0x00, 0x00, 0x00, 0x00, 0x00, 0x00, 0x00, 0x00, 0x00, 0x00, 0x00, 0x00, 0x00, 0x00, 0x00, 0x00, 0x00, 0x00, 0x00, 0x00, 0x00, 0x00, 0x00, 0x00, 0x00, 0x00, 0x00, 0x00, 0x00, 0x00, 0x00, 0x00, 0x00, 0x00, 0x00, 0x00, 0x00, 0x00, 0x00, 0x00, 0x00, 0x00, 0x00, 0x00, 0x00, 0x00, 0x00, 0x00, 0x00, 0x00, 0x00, 0x00, 0x00, 0x00, 0x00, 0x00, 0x00, 0x00, 0x00, 0x00, 0x00, 0x00, 0x00, 0x00, 0x00, 0x00, 0x00, 0x00, 0x00, 0x00, 0x00, 0x00, 0x00, 0x00, 0x00, 0x00, 0x00, 0x00, 0x00, 0x00, 0x00, 0x00, 0x00, 0x00, 0x00, 0x00, 0x00, 0x00, 0x00, 0x00, 0x00, 0x00, 0x00, 0x00, 0x00, 0x00, 0x00, 0x00, 0x00, 0x00, 0x00, 0x00, 0x00, 0x00, 0x00, 0x00, 0x00, 0x00, 0x00, 0x00, 0x00, 0x00, 0x00, 0x00, 0x00, 0x00, 0x00, 0x00, 0x00, 0x00, 0x00, 0x00, 0x00, 0x00, 0x00, 0x00, 0x00, 0x00, 0x00, 0x00, 0x00, 0x00, 0x00, 0x00, 0x00, 0x00, 0x00, 0x00, 0x00, 0x00, 0x00, 0x00, 0x00, 0x00, 0x00, 0x00, 0x00, 0x00, 0x00, 0x00, 0x00, 0x00, 0x00, 0x00, 0x00, 0x00, 0x00, 0x00, 0x00, 0x00, 0x00, 0x00, 0x00, 0x00, 0x00, 0x00, 0x00, 0x00, 0x00, 0x00, 0x00, 0x00, 0x00, 0x00, 0x00, 0x00, 0x00, 0x00, 0x00, 0x00, 0x00, 0x00, 0x00, 0x00, 0x00, 0x00, 0x00, 0x00, 0x00, 0x00, 0x00, 0x00, 0x00, 0x00, 0x00, 0x00, 0x00, 0x00, 0x00, 0x00, 0x00, 0x00, 0x00, 0x00, 0x00, 0x00, 0x00, 0x00, 0x00, 0x00, 0x00, 0x00, 0x00, 0x00, 0x00, 0x00, 0x00, 0x00, 0x00, 0x00, 0x00, 0x00, 0x00, 0x00, 0x00, 0x00, 0x00, 0x00, 0x00, 0x00, 0x00, 0x00, 0x00, 0x00, 0x00, 0x00, 0x00, 0x00, 0x00, 0x00, 0x00, 0x00, 0x00, 0x00, 0x00, 0x00, 0x00, 0x00, 0x00, 0x00, 0x00, 0x00, 0x00, 0x00, 0x00, 0x00, 0x00, 0x00, 0x00, 0x00, 0x00, 0x00, 0x00, 0x00, 0x00, 0x00, 0x00, 0x00, 0x00, 0x00, 0x00, 0x00, 0x00, 0x00, 0x00, 0x00, 0x00, 0x00, 0x00, 0x00, 0x00, 0x00, 0x00, 0x00, 0x00, 0x00, 0x00, 0x00, 0x00, 0x00, 0x00, 0x00, 0x00, 0x00, 0x00, 0x00, 0x00, 0x00, 0x00, 0x00, 0x00, 0x00, 0x00, 0x00, 0x00, 0x00, 0x00, 0x00, 0x00, 0x00, 0x00, 0x00, 0x00, 0x00, 0x00, 0x00, 0x00, 0x00, 0x00, 0x00, 0x00, 0x00, 0x00, 0x00, 0x00, 0x00, 0x00, 0x00, 0x00, 0x00, 0x00, 0x00, 0x00, 0x00, 0x00, 0x00, 0x00, 0x00, 0x00, 0x00, 0x00, 0x00, 0x00, 0x00, 0x00, 0x00, 0x00, 0x00, 0x00, 0x00, 0x00, 0x00, 0x00, 0x00, 0x00, 0x00, 0x00, 0x00, 0x00, 0x00, 0x00, 0x00, 0x00, 0x00, 0x00, 0x00, 0x00, 0x00, 0x00, 0x00, 0x00, 0x00, 0x00, 0x00, 0x00, 0x00, 0x00, 0x00, 0x00, 0x00, 0x00, 0x00, 0x00, 0x00, 0x00, 0x00, 0x00, 0x00, 0x00, 0x00, 0x00, 0x00, 0x00, 0x00, 0x00, 0x00, 0x00, 0x00, 0x00, 0x00, 0x00, 0x00, 0x00, 0x00, 0x00, 0x00, 0x00, 0x00, 0x00, 0x00, 0x00, 0x00, 0x00, 0x00, 0x00, 0x00, 0x00, 0x00, 0x00, 0x00, 0x00, 0x00, 0x00, 0x00, 0x00, 0x00, 0x00, 0x00, 0x00, 0x00, 0x00, 0x00, 0x00, 0x00, 0x00, 0x00, 0x00, 0x00, 0x00, 0x00, 0x00, 0x00, 0x00, 0x00, 0x00, 0x00, 0x00, 0x00, 0x00, 0x00, 0x00, 0x00, 0x00, 0x00, 0x00, 0x00, 0x00, 0x00, 0x00, 0x00, 0x00, 0x00, 0x00, 0x00, 0x00, 0x00, 0x00, 0x00, 0x00, 0x00, 0x00, 0x00, 0x00, 0x00, 0x00, 0x00, 0x00, 0x00, 0x00, 0x00, 0x00, 0x00, 0x00, 0x00, 0x00, 0x00, 0x00, 0x00, 0x00, 0x00, 0x00, 0x00, 0x00, 0x00, 0x00, 0x00, 0x00, 0x00, 0x00, 0x00, 0x00, 0x00, 0x00, 0x00, 0x00, 0x00, 0x00, 0x00, 0x00, 0x00, 0x00, 0x00, 0x00, 0x00, 0x00, 0x00, 0x00, 0x00, 0x00, 0x00, 0x00, 0x00, 0x00, 0x00, 0x00, 0x00, 0x00, 0x00, 0x00, 0x00, 0x00, 0x00, 0x00, 0x00, 0x00, 0x00, 0x00, 0x00, 0x00, 0x00, 0x00, 0x00, 0x00, 0x00, 0x00, 0x00, 0x00, 0x00, 0x00, 0x00, 0x00, 0x00, 0x00, 0x00, 0x00, 0x00, 0x00, 0x00, 0x00, 0x00, 0x00, 0x00, 0x00, 0x00, 0x00, 0x00, 0x00, 0x00, 0x00, 0x00, 0x00, 0x00, 0x00, 0x00, 0x00, 0x00, 0x00, 0x00, 0x00, 0x00, 0x00, 0x00, 0x00, 0x00, 0x00, 0x00, 0x00, 0x00, 0x00, 0x00, 0x00, 0x00, 0x00, 0x00, 0x00, 0x00, 0x00, 0x00, 0x00, 0x00, 0x00, 0x00, 0x00, 0x00, 0x00, 0x00, 0x00, 0x00, 0x00, 0x00, 0x00, 0x00, 0x00, 0x00, 0x00, 0x00, 0x00, 0x00, 0x00, 0x00, 0x00, 0x00, 0x00, 0x00, 0x00, 0x00, 0x00, 0x00, 0x00, 0x00, 0x00, 0x00, 0x00, 0x00, 0x00, 0x00, 0x00, 0x00, 0x00, 0x00, 0x00, 0x00, 0x00, 0x00, 0x00, 0x00, 0x00, 0x00, 0x00, 0x00, 0x00, 0x00, 0x00, 0x00, 0x00, 0x00, 0x00, 0x00, 0x00, 0x00, 0x00, 0x00, 0x00, 0x00, 0x00, 0x00, 0x00, 0x00, 0x00, 0x00, 0x00, 0x00, 0x00, 0x00, 0x00, 0x00, 0x00, 0x00, 0x00, 0x00, 0x00, 0x00, 0x00, 0x00, 0x00, 0x00, 0x00, 0x00, 0x00, 0x00, 0x00, 0x00, 0x00, 0x00, 0x00, 0x00, 0x00, 0x00, 0x00, 0x00, 0x00, 0x00, 0x00, 0x00, 0x00, 0x00, 0x00, 0x00, 0x00, 0x00, 0x00, 0x00, 0x00, 0x00, 0x00, 0x00, 0x00, 0x00, 0x00, 0x00, 0x00, 0x00, 0x00, 0x00, 0x00, 0x00, 0x00, 0x00, 0x00, 0x00, 0x00, 0x00, 0x00, 0x00, 0x00, 0x00, 0x00, 0x00, 0x00, 0x00, 0x00, 0x00, 0x00, 0x00, 0x00, 0x00, 0x00, 0x00, 0x00, 0x00, 0x00, 0x00, 0x00, 0x00, 0x00, 0x00, 0x00, 0x00, 0x00, 0x00, 0x00, 0x00, 0x00, 0x00, 0x00, 0x00, 0x00, 0x00, 0x00, 0x00, 0x00, 0x00, 0x00, 0x00, 0x00, 0x00, 0x00, 0x00, 0x00, 0x00, 0x00, 0x00, 0x00, 0x00, 0x00, 0x00, 0x00, 0x00, 0x00, 0x00, 0x00, 0x00, 0x00, 0x00, 0x00, 0x00, 0x00, 0x00, 0x00, 0x00, 0x00, 0x00, 0x00, 0x00, 0x00, 0x00, 0x00, 0x00, 0x00, 0x00, 0x00, 0x00, 0x00, 0x00, 0x00, 0x00, 0x00, 0x00, 0x00, 0x00, 0x00, 0x00, 0x00, 0x00, 0x00, 0x00, 0x00, 0x00, 0x00, 0x00, 0x00, 0x00, 0x00, 0x00, 0x00, 0x00, 0x00, 0x00, 0x00, 0x00, 0x00, 0x00, 0x00, 0x00, 0x00, 0x00, 0x00, 0x00, 0x00, 0x00, 0x00, 0x00, 0x00, 0x00, 0x00, 0x00, 0x00, 0x00, 0x00, 0x00, 0x00, 0x00, 0x00, 0x00, 0x00, 0x00, 0x00, 0x00, </Data>
        </Program>
        <Program>
            <Name>Program Clear Block 4</Name>
            <Address>3068</Address>
            <AddrIncr>0</AddrIncr>
            <Size>15</Size>
            <Data>0x00, 0x00, 0x00, 0x00, 0x00, 0x00, 0x00, 0x00, 0x00, 0x00, 0x00, 0x00, 0x00, 0x00, 0x00, </Data>
        </Program>
        <Register>
            <Name>IC 1.DSP ON Register</Name>
            <Address>16629</Address>
            <AddrIncr>0</AddrIncr>
            <Size>1</Size>
            <Data>0x01, </Data>
        </Register>
        <Register>
            <Name>IC 1.CRC Registers</Name>
            <Address>16576</Address>
            <AddrIncr>0</AddrIncr>
            <Size>5</Size>
            <Data>0x3B, 0x60, 0x7F, 0x7F, 0x01, </Data>
        </Register>
        <Register>
            <Name>IC 1.GPIO Registers</Name>
            <Address>16582</Address>
            <AddrIncr>0</AddrIncr>
            <Size>4</Size>
            <Data>0x00, 0x00, 0x00, 0x00, </Data>
        </Register>
        <Register>
            <Name>IC 1.Non Modulo Registers</Name>
            <Address>16617</Address>
            <AddrIncr>0</AddrIncr>
            <Size>2</Size>
            <Data>0x10, 0x00, </Data>
        </Register>
        <Register>
            <Name>IC 1.Watchdog Registers</Name>
            <Address>16592</Address>
            <AddrIncr>0</AddrIncr>
            <Size>5</Size>
            <Data>0x00, 0x04, 0x00, 0x00, 0x00, </Data>
        </Register>
        <Register>
            <Name>IC 1.Sampling Rate Setting Register</Name>
            <Address>16619</Address>
            <AddrIncr>0</AddrIncr>
            <Size>1</Size>
            <Data>0x7F, </Data>
        </Register>
        <Register>
            <Name>IC 1.Routing Matrix Inputs Register</Name>
            <Address>16626</Address>
            <AddrIncr>0</AddrIncr>
            <Size>1</Size>
            <Data>0x00, </Data>
        </Register>
        <Register>
            <Name>IC 1.Routing Matrix Outputs Register</Name>
            <Address>16627</Address>
            <AddrIncr>0</AddrIncr>
            <Size>1</Size>
            <Data>0x00, </Data>
        </Register>
        <Register>
            <Name>IC 1.Serial Data Configuration Register</Name>
            <Address>16628</Address>
            <AddrIncr>0</AddrIncr>
            <Size>1</Size>
            <Data>0x00, </Data>
        </Register>
        <Register>
            <Name>IC 1.DSP Slew Mode Register</Name>
            <Address>16631</Address>
            <AddrIncr>0</AddrIncr>
            <Size>1</Size>
            <Data>0x00, </Data>
        </Register>
        <Register>
            <Name>IC 1.Serial Port Sample Rate Register</Name>
            <Address>16632</Address>
            <AddrIncr>0</AddrIncr>
            <Size>1</Size>
            <Data>0x00, </Data>
        </Register>
        <Register>
            <Name>IC 1.Clock Enable Registers</Name>
            <Address>16633</Address>
            <AddrIncr>0</AddrIncr>
            <Size>2</Size>
            <Data>0x7F, 0x03, </Data>
        </Register>
        <Program>
            <Name>Program Data</Name>
            <Address>2048</Address>
            <AddrIncr>5</AddrIncr>
            <Size>1350</Size>
            <Data>0x00, 0x00, 0x00, 0x00, 0x00, 0xFE, 0xE0, 0x00, 0x00, 0x00, 0xFF, 0x34, 0x00, 0x00, 0x00, 0xFF, 0x2C, 0x00, 0x00, 0x00, 0xFF, 0x54, 0x00, 0x00, 0x00, 0xFF, 0x5C, 0x00, 0x00, 0x00, 0xFF, 0xF5, 0x08, 0x20, 0x00, 0xFF, 0x38, 0x00, 0x00, 0x00, 0xFF, 0x80, 0x00, 0x00, 0x00, 0x00, 0x00, 0x00, 0x00, 0x00, 0x00, 0x00, 0x00, 0x00, 0x00, 0xFE, 0xE8, 0x0C, 0x00, 0x00, 0xFE, 0x30, 0x00, 0xE2, 0x00, 0x00, 0x00, 0x00, 0x00, 0x00, 0x00, 0x00, 0x00, 0x00, 0x00, 0x00, 0x00, 0x00, 0x00, 0x00, 0x00, 0x00, 0x00, 0x00, 0x00, 0x00, 0x00, 0x00, 0x00, 0x00, 0x00, 0x00, 0x00, 0x00, 0x00, 0xFF, 0xE8, 0x07, 0x20, 0x08, 0x00, 0x00, 0x06, 0xA0, 0x00, 0xFF, 0xE0, 0x00, 0xC0, 0x00, 0xFF, 0x80, 0x07, 0x00, 0x00, 0x00, 0x00, 0x00, 0x00, 0x00, 0xFF, 0x00, 0x00, 0x00, 0x00, 0xFE, 0xC0, 0x22, 0x00, 0x27, 0x00, 0x00, 0x00, 0x00, 0x00, 0xFE, 0xE8, 0x1E, 0x00, 0x00, 0xFF, 0xE8, 0x01, 0x20, 0x00, 0xFF, 0xD8, 0x01, 0x03, 0x00, 0x00, 0x07, 0xC6, 0x00, 0x00, 0xFF, 0x08, 0x00, 0x00, 0x00, 0xFF, 0xF4, 0x00, 0x20, 0x00, 0xFF, 0xD8, 0x07, 0x02, 0x00, 0xFD, 0xA5, 0x08, 0x20, 0x00, 0x00, 0x00, 0x00, 0xE2, 0x00, 0xFD, 0xAD, 0x08, 0x20, 0x00, 0x00, 0x08, 0x00, 0xE2, 0x00, 0x00, 0x00, 0x08, 0x20, 0x00, 0x00, 0x10, 0x00, 0xE2, 0x00, 0x00, 0x08, 0x08, 0x20, 0x00, 0x00, 0x18, 0x00, 0xE2, 0x00, 0xFF, 0xE8, 0x09, 0x20, 0x00, 0x00, 0x2D, 0x08, 0x22, 0x40, 0x00, 0x48, 0x00, 0xE2, 0x00, 0x00, 0x3D, 0x08, 0x20, 0x00, 0x00, 0x2D, 0x08, 0x34, 0x00, 0x00, 0x48, 0x0A, 0x22, 0x00, 0x00, 0x30, 0x00, 0xE2, 0x00, 0x00, 0x30, 0x00, 0xC0, 0x00, 0x00, 0x40, 0x00, 0xF2, 0x00, 0x00, 0x17, 0xFF, 0x20, 0x00, 0x00, 0x20, 0x00, 0xE2, 0x00, 0xFF, 0xE8, 0x0B, 0x20, 0x00, 0x00, 0x5D, 0x08, 0x22, 0x40, 0x00, 0x78, 0x00, 0xE2, 0x00, 0x00, 0x6D, 0x08, 0x20, 0x00, 0x00, 0x5D, 0x08, 0x34, 0x00, 0x00, 0x78, 0x0C, 0x22, 0x00, 0x00, 0x60, 0x00, 0xE2, 0x00, 0x00, 0x60, 0x00, 0xC0, 0x00, 0x00, 0x70, 0x00, 0xF2, 0x00, 0x00, 0x1F, 0xFF, 0x20, 0x00, 0x00, 0x50, 0x00, 0xE2, 0x00, 0xFF, 0xE8, 0x0D, 0x20, 0x00, 0x00, 0x85, 0x08, 0x22, 0x40, 0x00, 0xA0, 0x00, 0xE2, 0x00, 0x00, 0x95, 0x08, 0x20, 0x00, 0x00, 0x85, 0x08, 0x34, 0x00, 0x00, 0xA0, 0x0E, 0x22, 0x00, 0x00, 0x88, 0x00, 0xE2, 0x00, 0x00, 0x88, 0x00, 0xC0, 0x00, 0x00, 0x98, 0x00, 0xF2, 0x00, 0x00, 0x27, 0xFF, 0x20, 0x00, 0x00, 0xE0, 0x00, 0xE2, 0x00, 0xFF, 0xE8, 0x0F, 0x20, 0x00, 0x00, 0xAD, 0x08, 0x22, 0x40, 0x00, 0xC8, 0x00, 0xE2, 0x00, 0x00, 0xBD, 0x08, 0x20, 0x00, 0x00, 0xAD, 0x08, 0x34, 0x00, 0x00, 0xC8, 0x10, 0x22, 0x00, 0x00, 0xB0, 0x00, 0xE2, 0x00, 0x00, 0xB0, 0x00, 0xC0, 0x00, 0x00, 0xC0, 0x00, 0xF2, 0x00, 0x00, 0x57, 0xFF, 0x20, 0x00, 0x01, 0x48, 0x00, 0xE2, 0x00, 0x01, 0x08, 0x40, 0x20, 0x00, 0x01, 0x00, 0x41, 0x22, 0x00, 0x00, 0xF0, 0x40, 0x34, 0x00, 0x00, 0xE8, 0x41, 0x22, 0x00, 0x00, 0xE0, 0x3E, 0x22, 0x00, 0x00, 0xD8, 0x3F, 0x22, 0x00, 0x00, 0xD0, 0x3E, 0x22, 0x00, 0x00, 0xF8, 0x00, 0xE2, 0x00, 0x01, 0x10, 0x00, 0xF2, 0x00, 0x01, 0x28, 0x43, 0x20, 0x00, 0x01, 0x18, 0x43, 0x34, 0x00, 0x00, 0xF8, 0x42, 0x22, 0x00, 0x00, 0xF0, 0x42, 0x22, 0x40, 0x01, 0x20, 0x00, 0xE2, 0x00, 0x01, 0x70, 0x40, 0x40, 0x00, 0x01, 0x30, 0x00, 0xF2, 0x00, 0x01, 0x68, 0x41, 0x24, 0x00, 0x01, 0x58, 0x40, 0x34, 0x00, 0x01, 0x50, 0x41, 0x22, 0x00, 0x01, 0x48, 0x3E, 0x22, 0x00, 0x01, 0x40, 0x3F, 0x22, 0x00, 0x01, 0x38, 0x3E, 0x22, 0x00, 0x01, 0x60, 0x00, 0xE2, 0x00, 0x01, 0x78, 0x00, 0xF2, 0x00, 0x01, 0x90, 0x43, 0x20, 0x00, 0x01, 0x80, 0x43, 0x34, 0x00, 0x01, 0x60, 0x42, 0x22, 0x00, 0x01, 0x58, 0x42, 0x22, 0x40, 0x01, 0x88, 0x00, 0xE2, 0x00, 0x00, 0xE5, 0x08, 0x40, 0x00, 0x01, 0x98, 0x00, 0xF2, 0x00, 0x01, 0x4D, 0x08, 0x24, 0x00, 0x01, 0xB0, 0x00, 0xE2, 0x00, 0x01, 0xD8, 0x40, 0x20, 0x00, 0x01, 0xD0, 0x41, 0x22, 0x00, 0x01, 0xC0, 0x40, 0x34, 0x00, 0x01, 0xB8, 0x41, 0x22, 0x00, 0x01, 0xB0, 0x44, 0x22, 0x00, 0x01, 0xA8, 0x45, 0x22, 0x00, 0x01, 0xA0, 0x44, 0x22, 0x00, 0x01, 0xC8, 0x00, 0xE2, 0x00, 0x01, 0xE0, 0x00, 0xF2, 0x00, 0x01, 0xF8, 0x43, 0x20, 0x00, 0x01, 0xE8, 0x43, 0x34, 0x00, 0x01, 0xC8, 0x46, 0x22, 0x00, 0x01, 0xC0, 0x46, 0x22, 0x00, 0x02, 0x00, 0x00, 0xF2, 0x00, 0x01, 0xF0, 0x00, 0xE2, 0x00, 0xFF, 0xE8, 0x3B, 0x20, 0x00, 0x02, 0x9D, 0x08, 0x22, 0x40, 0x02, 0x90, 0x00, 0xE2, 0x00, 0x02, 0x9D, 0x08, 0x20, 0x00, 0x02, 0x90, 0x47, 0x22, 0x00, 0x02, 0xA0, 0x00, 0xE2, 0x00, 0x02, 0xA0, 0x00, 0xC0, 0x00, 0x01, 0xF7, 0xFF, 0x20, 0x00, 0x02, 0x38, 0x00, 0xE2, 0x00, 0x02, 0x38, 0x36, 0x60, 0x00, 0x02, 0x38, 0x3D, 0x20, 0x00, 0xFF, 0xE8, 0x3A, 0x22, 0x00, 0xFF, 0xF5, 0x08, 0x50, 0x00, 0xFF, 0xE8, 0x37, 0x24, 0x48, 0x02, 0x38, 0x00, 0xE4, 0x00, 0x02, 0x20, 0x00, 0xE4, 0x00, 0x02, 0x38, 0x00, 0xC0, 0x00, 0x02, 0x3F, 0xFF, 0x20, 0x00, 0x02, 0x18, 0x00, 0xE2, 0x00, 0x02, 0x18, 0x00, 0xC0, 0x00, 0x02, 0x3F, 0xFF, 0x20, 0x00, 0x02, 0x18, 0x00, 0xE2, 0x00, 0x02, 0x18, 0x00, 0xC0, 0x00, 0x02, 0x1F, 0xFF, 0x20, 0x00, 0x02, 0x38, 0x00, 0xE2, 0x00, 0xFF, 0xE8, 0x38, 0x20, 0x40, 0x02, 0x25, 0x08, 0x22, 0x00, 0x02, 0x20, 0x00, 0xE2, 0x00, 0x02, 0x20, 0x00, 0xC0, 0x00, 0x02, 0x27, 0xFF, 0x20, 0x00, 0x02, 0x18, 0x00, 0xE2, 0x00, 0x02, 0x18, 0x00, 0xC0, 0x00, 0x02, 0x27, 0xFF, 0x20, 0x00, 0x02, 0x18, 0x00, 0xE2, 0x00, 0x02, 0x18, 0x00, 0xC0, 0x00, 0x02, 0x1F, 0xFF, 0x20, 0x40, 0xFF, 0xE8, 0x35, 0x22, 0x00, 0x02, 0x38, 0x00, 0xE2, 0x25, 0xFF, 0xE8, 0x38, 0x24, 0x48, 0xFF, 0xE8, 0x35, 0x20, 0x00, 0x02, 0x38, 0x00, 0xE2, 0x25, 0x02, 0x3D, 0x08, 0x26, 0x00, 0x02, 0x38, 0x00, 0xE2, 0x00, 0x02, 0x38, 0x34, 0x20, 0x00, 0x02, 0x38, 0x00, 0xE2, 0x00, 0x02, 0x60, 0x40, 0x20, 0x00, 0x02, 0x58, 0x41, 0x22, 0x00, 0x02, 0x48, 0x40, 0x34, 0x00, 0x02, 0x40, 0x41, 0x22, 0x00, 0x02, 0x38, 0x3E, 0x22, 0x00, 0x02, 0x30, 0x3F, 0x22, 0x00, 0x02, 0x28, 0x3E, 0x22, 0x00, 0x02, 0x50, 0x00, 0xE2, 0x00, 0x02, 0x68, 0x00, 0xF2, 0x00, 0x02, 0x80, 0x43, 0x20, 0x00, 0x02, 0x70, 0x43, 0x34, 0x00, 0x02, 0x50, 0x42, 0x22, 0x00, 0x02, 0x48, 0x42, 0x22, 0x40, 0x02, 0x88, 0x00, 0xF2, 0x00, 0x02, 0x78, 0x00, 0xE2, 0x00, 0x02, 0x78, 0x00, 0xC0, 0x00, 0x02, 0x7F, 0xFF, 0x20, 0x00, 0x02, 0xF0, 0x00, 0xE2, 0x00, 0x02, 0xF8, 0x00, 0xF2, 0x00, 0x02, 0xC5, 0x08, 0x20, 0x00, 0x02, 0xC0, 0x32, 0x22, 0x40, 0x02, 0xF8, 0x32, 0x22, 0x00, 0x02, 0xB5, 0x08, 0x34, 0x00, 0x02, 0xB0, 0x32, 0x22, 0x40, 0x02, 0xF0, 0x32, 0x82, 0x00, 0x02, 0xF0, 0x32, 0x22, 0x00, 0x02, 0xB8, 0x00, 0xE2, 0x00, 0x02, 0xC8, 0x00, 0xF2, 0x00, 0x03, 0x00, 0x00, 0xF6, 0x00, 0x02, 0xD5, 0x08, 0x20, 0x00, 0xFF, 0xE8, 0x33, 0x22, 0x40, 0x02, 0xD8, 0x00, 0xE2, 0x00, 0x03, 0x05, 0x08, 0x22, 0x48, 0x03, 0x05, 0x08, 0x20, 0x00, 0x02, 0xD8, 0x00, 0xE2, 0x27, 0x00, 0x00, 0x00, 0x00, 0x00, 0x02, 0xDD, 0x1A, 0x20, 0x00, 0x03, 0x08, 0x00, 0xE2, 0x00, 0x03, 0x10, 0x00, 0xF2, 0x00, 0x03, 0x08, 0x00, 0xC0, 0x00, 0x00, 0x00, 0x00, 0x00, 0x00, 0x00, 0x00, 0x00, 0x00, 0x00, 0x00, 0x00, 0x12, 0xA1, 0x00, 0xFF, 0xE5, 0x08, 0x20, 0x00, 0x00, 0x00, 0x11, 0xA1, 0x00, 0xFF, 0xE5, 0x08, 0x22, 0x40, 0x02, 0xE0, 0x00, 0xE2, 0x00, 0x03, 0x10, 0x00, 0xC0, 0x00, 0x02, 0xE7, 0xFF, 0x20, 0x00, 0xFF, 0xE5, 0x08, 0x22, 0x00, 0x02, 0xE8, 0x00, 0xE2, 0x00, 0xFF, 0xE8, 0x3C, 0x20, 0x00, 0x03, 0x1D, 0x08, 0x22, 0x40, 0x02, 0x90, 0x00, 0xE2, 0x00, 0x03, 0x1D, 0x08, 0x20, 0x00, 0x02, 0x90, 0x47, 0x22, 0x00, 0x03, 0x20, 0x00, 0xE2, 0x00, 0x03, 0x20, 0x00, 0xC0, 0x00, 0x02, 0xEF, 0xFF, 0x20, 0x00, 0x02, 0xE8, 0x00, 0xE2, 0x00, 0x02, 0xE8, 0x00, 0xC0, 0x00, 0x02, 0x7F, 0xFF, 0x20, 0x40, 0x01, 0x25, 0x08, 0x42, 0x00, 0x01, 0x8D, 0x08, 0x62, 0x00, 0xFF, 0xE8, 0x39, 0x20, 0x00, 0x03, 0x2D, 0x08, 0x22, 0x40, 0x02, 0x90, 0x00, 0xE2, 0x00, 0x03, 0x2D, 0x08, 0x20, 0x00, 0x02, 0x90, 0x47, 0x22, 0x00, 0x03, 0x30, 0x00, 0xE2, 0x00, 0x03, 0x30, 0x00, 0xC0, 0x00, 0x02, 0x18, 0x00, 0xE4, 0x00, 0x00, 0xE7, 0xFF, 0x20, 0x00, 0x02, 0x1D, 0x08, 0x22, 0x00, 0x02, 0x1F, 0xFF, 0x22, 0x40, 0x02, 0x08, 0x00, 0xE2, 0x00, 0x01, 0x4F, 0xFF, 0x20, 0x00, 0x02, 0x18, 0x00, 0xE6, 0x00, 0x02, 0x1D, 0x08, 0x22, 0x00, 0x02, 0x1F, 0xFF, 0x22, 0x40, 0x02, 0x10, 0x00, 0xE2, 0x00, 0x00, 0x00, 0x00, 0x00, 0x00, 0x02, 0x0D, 0x08, 0x20, 0x00, 0xFD, 0xB0, 0x00, 0xE2, 0x00, 0x02, 0x15, 0x08, 0x20, 0x00, 0xFD, 0xB8, 0x00, 0xE2, 0x00, 0x00, 0x00, 0x00, 0x00, 0x00, 0xFE, 0x30, 0x00, 0x00, 0x00, 0x00, 0x00, 0x00, 0x00, 0x00, 0xFE, 0xC0, 0x0F, 0x00, 0x00, 0x00, 0x00, 0x00, 0x00, 0x00, </Data>
        </Program>
        <Register>
            <Name>Param</Name>
            <Address>0</Address>
            <AddrIncr>4</AddrIncr>
            <Size>288</Size>
            <Data>0x00, 0x00, 0x10, 0x00, 0x00, 0x00, 0x00, 0x00, 0x00, 0x00, 0x00, 0x00, 0x00, 0x00, 0x00, 0x00, 0x00, 0x00, 0x00, 0x00, 0x00, 0x00, 0x00, 0x00, 0x00, 0x00, 0x00, 0x00, 0x00, 0x00, 0x00, 0x00, 0x00, 0x80, 0x00, 0x00, 0x00, 0xFF, 0x64, 0xC1, 0x00, 0x20, 0x00, 0x00, 0x00, 0xFF, 0x64, 0xC1, 0x00, 0x20, 0x00, 0x00, 0x00, 0x80, 0x00, 0x00, 0x00, 0x20, 0x00, 0x00, 0x00, 0x80, 0x00, 0x00, 0x00, 0x20, 0x00, 0x00, 0x00, 0x17, 0x62, 0x31, 0x00, 0x10, 0x30, 0x4F, 0x00, 0x0B, 0x5F, 0x9E, 0x00, 0x08, 0x0D, 0x44, 0x00, 0x05, 0xB3, 0x44, 0x00, 0x04, 0x09, 0x15, 0x00, 0x04, 0x59, 0x5D, 0x00, 0x19, 0x59, 0x8E, 0x00, 0x59, 0x2D, 0xAC, 0x00, 0xAF, 0x08, 0x62, 0x01, 0x1C, 0x6B, 0x3D, 0x01, 0x7E, 0x1C, 0x0D, 0x01, 0xC3, 0x08, 0xCA, 0x01, 0xF2, 0x76, 0x28, 0x02, 0x09, 0xDF, 0x42, 0x02, 0x0B, 0xBD, 0xC6, 0x01, 0xFD, 0xCC, 0xCD, 0x01, 0xE6, 0xFE, 0x4F, 0x01, 0xCB, 0x6B, 0x7D, 0x01, 0xA1, 0xE2, 0x3D, 0x01, 0x76, 0xD3, 0x01, 0x01, 0x55, 0xB0, 0xC6, 0x01, 0x31, 0xE6, 0x13, 0x00, 0xFD, 0x99, 0x50, 0x00, 0xC9, 0x35, 0x3A, 0x00, 0xA7, 0xA8, 0x21, 0x00, 0x8B, 0xEC, 0x5E, 0x00, 0x6B, 0x3A, 0xC6, 0x00, 0x51, 0x15, 0x27, 0x00, 0x3F, 0xE2, 0xCD, 0x00, 0x30, 0x3C, 0xA7, 0x00, 0x22, 0x26, 0x2D, 0x00, 0x18, 0x2C, 0xFC, 0x00, 0x00, 0x2D, 0x7B, 0x00, 0x00, 0x00, 0x3F, 0x00, 0x40, 0x00, 0x00, 0x06, 0x00, 0x00, 0x00, 0x00, 0x40, 0x00, 0x00, 0x00, 0xAC, 0x8B, 0x77, 0x01, 0x59, 0x16, 0xEE, 0x00, 0x00, 0x00, 0x00, 0x00, 0x59, 0x99, 0x9A, 0x00, 0xA6, 0x66, 0x66, 0x00, 0x99, 0x99, 0x9A, 0x00, 0x59, 0x99, 0x9A, 0x00, 0x7F, 0x3E, 0xFC, 0xFF, 0x01, 0x82, 0x08, 0x00, 0xFE, 0x7B, 0xB6, 0xFF, 0x81, 0x7F, 0xC5, 0x00, 0x7F, 0x40, 0x1C, 0x00, 0x7E, 0x80, 0x38, 0x00, 0x00, 0x01, 0x21, 0x00, 0x00, 0x02, 0x43, 0x00, 0x00, 0xBF, 0xE4, 0x00, 0x01, 0x00, 0x00, </Data>
        </Register>
        <Register>
            <Name>IC 1.Sample Rate Setting</Name>
            <Address>16619</Address>
            <AddrIncr>0</AddrIncr>
            <Size>1</Size>
            <Data>0x01, </Data>
        </Register>
        <Register>
            <Name>IC 1.DSP Run Register</Name>
            <Address>16630</Address>
            <AddrIncr>0</AddrIncr>
            <Size>1</Size>
            <Data>0x01, </Data>
        </Register>
        <Register>
            <Name>IC 1.Dejitter Register Control</Name>
            <Address>16438</Address>
            <AddrIncr>0</AddrIncr>
            <Size>1</Size>
            <Data>0x00, </Data>
        </Register>
        <Register>
            <Name>IC 1.Dejitter Register Control</Name>
            <Address>16438</Address>
            <AddrIncr>0</AddrIncr>
            <Size>1</Size>
            <Data>0x03, </Data>
        </Register>
        <Module>
            <CellName>SW vol 1</CellName>
            <Algorithm>
                <AlgoName>ALG0</AlgoName>
                <DetailedName>SWGain1940DBAlg1</DetailedName>
                <Description>Gain (RC Slew)( 1 ) : Gain[ 0 ];</Description>
                <ModuleParameter>
                    <Name>SWGain1940DBAlg1target</Name>
                    <Type>Int32</Type>
                    <Address>13</Address>
                    <Value>1</Value>
                    <Size>4</Size>
                    <Data>0x00, 0x80, 0x00, 0x00, </Data>
                </ModuleParameter>
                <ModuleParameter>
                    <Name>SWGain1940DBAlg1step</Name>
                    <Type>Int32</Type>
                    <Address>14</Address>
                    <Value>0.25</Value>
                    <Size>4</Size>
                    <Data>0x00, 0x20, 0x00, 0x00, </Data>
                </ModuleParameter>
            </Algorithm>
        </Module>
        <Module>
            <CellName>SW vol 1_2</CellName>
            <Algorithm>
                <AlgoName>ALG0</AlgoName>
                <DetailedName>SWGain1940DBAlg2</DetailedName>
                <Description>Gain (RC Slew)( 1 ) : Gain[ 0 ];</Description>
                <ModuleParameter>
                    <Name>SWGain1940DBAlg2target</Name>
                    <Type>Int32</Type>
                    <Address>15</Address>
                    <Value>1</Value>
                    <Size>4</Size>
                    <Data>0x00, 0x80, 0x00, 0x00, </Data>
                </ModuleParameter>
                <ModuleParameter>
                    <Name>SWGain1940DBAlg2step</Name>
                    <Type>Int32</Type>
                    <Address>16</Address>
                    <Value>0.25</Value>
                    <Size>4</Size>
                    <Data>0x00, 0x20, 0x00, 0x00, </Data>
                </ModuleParameter>
            </Algorithm>
        </Module>
        <Module>
            <CellName>SW vol 1_3</CellName>
            <Algorithm>
                <AlgoName>ALG0</AlgoName>
                <DetailedName>SWGain1940DBAlg3</DetailedName>
                <Description>Gain (RC Slew)( 1 ) : Gain[ 6 ];</Description>
                <ModuleParameter>
                    <Name>SWGain1940DBAlg3target</Name>
                    <Type>Int32</Type>
                    <Address>9</Address>
                    <Value>1.99526226520538</Value>
                    <Size>4</Size>
                    <Data>0x00, 0xFF, 0x64, 0xC1, </Data>
                </ModuleParameter>
                <ModuleParameter>
                    <Name>SWGain1940DBAlg3step</Name>
                    <Type>Int32</Type>
                    <Address>10</Address>
                    <Value>0.25</Value>
                    <Size>4</Size>
                    <Data>0x00, 0x20, 0x00, 0x00, </Data>
                </ModuleParameter>
            </Algorithm>
            <Algorithm>
                <AlgoName>ALG1</AlgoName>
                <DetailedName>SWGain1940DBAlg4</DetailedName>
                <Description>Gain (RC Slew)( 1 ) : Gain[ 0 ];</Description>
                <ModuleParameter>
                    <Name>SWGain1940DBAlg4target</Name>
                    <Type>Int32</Type>
                    <Address>11</Address>
                    <Value>1.99526226520538</Value>
                    <Size>4</Size>
                    <Data>0x00, 0xFF, 0x64, 0xC1, </Data>
                </ModuleParameter>
                <ModuleParameter>
                    <Name>SWGain1940DBAlg4step</Name>
                    <Type>Int32</Type>
                    <Address>12</Address>
                    <Value>0.25</Value>
                    <Size>4</Size>
                    <Data>0x00, 0x20, 0x00, 0x00, </Data>
                </ModuleParameter>
            </Algorithm>
        </Module>
        <Module>
            <CellName>Mute1</CellName>
            <Algorithm>
                <AlgoName>ALG0</AlgoName>
                <DetailedName>MuteNoSlewAlg1</DetailedName>
                <Description>No Slew (Standard)( 1 ) : Mute[ False ];</Description>
                <ModuleParameter>
                    <Name>MuteNoSlewAlg1mute</Name>
                    <Type>Int32</Type>
                    <Address>8</Address>
                    <Value>1</Value>
                    <Size>4</Size>
                    <Data>0x00, 0x80, 0x00, 0x00, </Data>
                </ModuleParameter>
            </Algorithm>
        </Module>
        <Module>
            <CellName>SuperBass1</CellName>
            <Algorithm>
                <AlgoName>ALG0</AlgoName>
                <DetailedName>SuperBassAlgSWSlew1</DetailedName>
                <Description>Super Bass SWSlew( 1 ) : XOver[ 90 ],Dist[ 1.3 ],PostG[ 1.2 ],OnOff[ True ];</Description>
                <ModuleParameter>
                    <Name>SuperBassAlgSWSlew1comp_base</Name>
                    <Type>HexArray</Type>
                    <Address>17</Address>
                    <Size>132</Size>
                    <AddrIncr>4</AddrIncr>
                    <Data>0x00, 0x17, 0x62, 0x31, 0x00, 0x10, 0x30, 0x4F, 0x00, 0x0B, 0x5F, 0x9E, 0x00, 0x08, 0x0D, 0x44, 0x00, 0x05, 0xB3, 0x44, 0x00, 0x04, 0x09, 0x15, 0x00, 0x04, 0x59, 0x5D, 0x00, 0x19, 0x59, 0x8E, 0x00, 0x59, 0x2D, 0xAC, 0x00, 0xAF, 0x08, 0x62, 0x01, 0x1C, 0x6B, 0x3D, 0x01, 0x7E, 0x1C, 0x0D, 0x01, 0xC3, 0x08, 0xCA, 0x01, 0xF2, 0x76, 0x28, 0x02, 0x09, 0xDF, 0x42, 0x02, 0x0B, 0xBD, 0xC6, 0x01, 0xFD, 0xCC, 0xCD, 0x01, 0xE6, 0xFE, 0x4F, 0x01, 0xCB, 0x6B, 0x7D, 0x01, 0xA1, 0xE2, 0x3D, 0x01, 0x76, 0xD3, 0x01, 0x01, 0x55, 0xB0, 0xC6, 0x01, 0x31, 0xE6, 0x13, 0x00, 0xFD, 0x99, 0x50, 0x00, 0xC9, 0x35, 0x3A, 0x00, 0xA7, 0xA8, 0x21, 0x00, 0x8B, 0xEC, 0x5E, 0x00, 0x6B, 0x3A, 0xC6, 0x00, 0x51, 0x15, 0x27, 0x00, 0x3F, 0xE2, 0xCD, 0x00, 0x30, 0x3C, 0xA7, 0x00, 0x22, 0x26, 0x2D, 0x00, 0x18, 0x2C, 0xFC, </Data>
                </ModuleParameter>
                <ModuleParameter>
                    <Name>SuperBassAlgSWSlew1RMS</Name>
                    <Type>Int32</Type>
                    <Address>50</Address>
                    <Value>0.00138795375823975</Value>
                    <Size>4</Size>
                    <Data>0x00, 0x00, 0x2D, 0x7B, </Data>
                </ModuleParameter>
                <ModuleParameter>
                    <Name>SuperBassAlgSWSlew1decay</Name>
                    <Type>Int32</Type>
                    <Address>51</Address>
                    <Value>7.51018524169922E-06</Value>
                    <Size>4</Size>
                    <Data>0x00, 0x00, 0x00, 0x3F, </Data>
                </ModuleParameter>
                <ModuleParameter>
                    <Name>SuperBassAlgSWSlew1G_out</Name>
                    <Type>Int32</Type>
                    <Address>52</Address>
                    <Value>0.5</Value>
                    <Size>4</Size>
                    <Data>0x00, 0x40, 0x00, 0x00, </Data>
                </ModuleParameter>
                <ModuleParameter>
                    <Name>SuperBassAlgSWSlew1sat</Name>
                    <Type>Int32</Type>
                    <Address>53</Address>
                    <Value>12</Value>
                    <Size>4</Size>
                    <Data>0x06, 0x00, 0x00, 0x00, </Data>
                </ModuleParameter>
                <ModuleParameter>
                    <Name>SuperBassAlgSWSlew1a0</Name>
                    <Type>Int32</Type>
                    <Address>54</Address>
                    <Value>0.5</Value>
                    <Size>4</Size>
                    <Data>0x00, 0x40, 0x00, 0x00, </Data>
                </ModuleParameter>
                <ModuleParameter>
                    <Name>SuperBassAlgSWSlew1xl</Name>
                    <Type>Int32</Type>
                    <Address>55</Address>
                    <Value>1.34800612926483</Value>
                    <Size>4</Size>
                    <Data>0x00, 0xAC, 0x8B, 0x77, </Data>
                </ModuleParameter>
                <ModuleParameter>
                    <Name>SuperBassAlgSWSlew1xoff</Name>
                    <Type>Int32</Type>
                    <Address>56</Address>
                    <Value>2.69601225852966</Value>
                    <Size>4</Size>
                    <Data>0x01, 0x59, 0x16, 0xEE, </Data>
                </ModuleParameter>
                <ModuleParameter>
                    <Name>SuperBassAlgSWSlew1bypass</Name>
                    <Type>Int32</Type>
                    <Address>57</Address>
                    <Value>0</Value>
                    <Size>4</Size>
                    <Data>0x00, 0x00, 0x00, 0x00, </Data>
                </ModuleParameter>
                <ModuleParameter>
                    <Name>SuperBassAlgSWSlew1DC</Name>
                    <Type>Int32</Type>
                    <Address>58</Address>
                    <Value>0.700000047683716</Value>
                    <Size>4</Size>
                    <Data>0x00, 0x59, 0x99, 0x9A, </Data>
                </ModuleParameter>
                <ModuleParameter>
                    <Name>SuperBassAlgSWSlew1k</Name>
                    <Type>Int32</Type>
                    <Address>59</Address>
                    <Value>1.29999995231628</Value>
                    <Size>4</Size>
                    <Data>0x00, 0xA6, 0x66, 0x66, </Data>
                </ModuleParameter>
                <ModuleParameter>
                    <Name>SuperBassAlgSWSlew1Post_Gain</Name>
                    <Type>Int32</Type>
                    <Address>60</Address>
                    <Value>1.20000004768372</Value>
                    <Size>4</Size>
                    <Data>0x00, 0x99, 0x99, 0x9A, </Data>
                </ModuleParameter>
                <ModuleParameter>
                    <Name>SuperBassAlgSWSlew1a6</Name>
                    <Type>Int32</Type>
                    <Address>61</Address>
                    <Value>0.700000047683716</Value>
                    <Size>4</Size>
                    <Data>0x00, 0x59, 0x99, 0x9A, </Data>
                </ModuleParameter>
                <ModuleParameter>
                    <Name>SuperBassAlgSWSlew1bs_0</Name>
                    <Type>HexArray</Type>
                    <Address>62</Address>
                    <Size>36</Size>
                    <Data>0x00, 0x7F, 0x3E, 0xFC, 0xFF, 0x01, 0x82, 0x08, 0x00, 0xFE, 0x7B, 0xB6, 0xFF, 0x81, 0x7F, 0xC5, 0x00, 0x7F, 0x40, 0x1C, 0x00, 0x7E, 0x80, 0x38, 0x00, 0x00, 0x01, 0x21, 0x00, 0x00, 0x02, 0x43, 0x00, 0x00, 0xBF, 0xE4, </Data>
                </ModuleParameter>
                <ModuleParameter>
                    <Name>SuperBassAlgSWSlew1step</Name>
                    <Type>Int32</Type>
                    <Address>71</Address>
                    <Value>0.0078125</Value>
                    <Size>4</Size>
                    <Data>0x00, 0x01, 0x00, 0x00, </Data>
                </ModuleParameter>
            </Algorithm>
        </Module>
    </IC>
</Schematic>